<i>
  <i image="walk1_0.png" delay="180" x="-33" y="-27"/>
  <i image="walk1_1.png" delay="180" x="-33" y="-27"/>
  <i image="walk1_2.png" delay="180" x="-33" y="-27"/>
  <i image="walk1_3.png" delay="180" x="-33" y="-27"/>
  <i image="stand1_0.png" delay="500" x="-27" y="-17"/>
  <i image="stand1_1.png" delay="500" x="-27" y="-17"/>
  <i image="stand1_2.png" delay="500" x="-27" y="-17"/>
  <i image="stand1_3.png" delay="500" x="-27" y="-17"/>
  <i image="stand1_4.png" delay="500" x="-27" y="-17"/>
  <i image="alert_0.png" delay="500" x="-31" y="-25"/>
  <i image="alert_1.png" delay="500" x="-31" y="-25"/>
  <i image="alert_2.png" delay="500" x="-31" y="-25"/>
  <i image="alert_3.png" delay="500" x="-31" y="-25"/>
  <i image="alert_4.png" delay="500" x="-31" y="-25"/>
  <i image="swingO1_0.png" delay="300" x="-23" y="-63"/>
  <i image="swingO1_1.png" delay="150" x="-23" y="-63"/>
  <i image="swingO1_2.png" delay="350" x="-23" y="-63"/>
  <i image="swingO2_0.png" delay="300" x="-34" y="-59"/>
  <i image="swingO2_1.png" delay="150" x="-34" y="-59"/>
  <i image="swingO2_2.png" delay="350" x="-34" y="-59"/>
  <i image="swingO3_0.png" delay="300" x="-75" y="-54"/>
  <i image="swingO3_1.png" delay="150" x="-75" y="-54"/>
  <i image="swingO3_2.png" delay="350" x="-75" y="-54"/>
  <i image="swingOF_0.png" delay="200" x="-40" y="-63"/>
  <i image="swingOF_1.png" delay="100" x="-40" y="-63"/>
  <i image="swingOF_2.png" delay="100" x="-40" y="-63"/>
  <i image="swingOF_3.png" delay="300" x="-40" y="-63"/>
  <i image="stabO1_0.png" delay="350" x="-72" y="-26"/>
  <i image="stabO1_1.png" delay="450" x="-72" y="-26"/>
  <i image="stabO2_0.png" delay="350" x="-72" y="-36"/>
  <i image="stabO2_1.png" delay="450" x="-72" y="-36"/>
  <i image="stabOF_0.png" delay="250" x="-99" y="-25"/>
  <i image="stabOF_1.png" delay="150" x="-99" y="-25"/>
  <i image="stabOF_2.png" delay="300" x="-99" y="-25"/>
  <i image="proneStab_0.png" delay="300" x="-66" y="-8"/>
  <i image="proneStab_1.png" delay="400" x="-66" y="-8"/>
  <i image="prone_0.png" delay="100" x="-51" y="-8"/>
  <i image="heal_0.png" delay="300" x="-32" y="-59"/>
  <i image="heal_1.png" delay="150" x="-32" y="-59"/>
  <i image="heal_2.png" delay="350" x="-32" y="-59"/>
  <i image="fly_0.png" delay="300" x="-7" y="-57"/>
  <i image="fly_1.png" delay="300" x="-7" y="-57"/>
  <i image="jump_0.png" delay="200" x="-7" y="-50"/>
</i>