<i>
  <i image="0.swingT1.2_0.png" delay="200" x="-108" y="-1"/>
  <i image="0.swingT2.2_0.png" delay="200" x="-93" y="-5"/>
  <i image="0.swingT3.2_0.png" delay="200" x="-95" y="-35"/>
  <i image="0.swingTF.3_0.png" delay="200" x="-123" y="-18"/>
  <i image="0.stabO1.1_0.png" delay="30" x="-92" y="5"/>
  <i image="0.stabO1.1_1.png" delay="200" x="-92" y="5"/>
  <i image="0.stabO2.1_0.png" delay="30" x="-89" y="5"/>
  <i image="0.stabO2.1_1.png" delay="200" x="-89" y="5"/>
  <i image="0.stabOF.2_0.png" delay="30" x="-118" y="-1"/>
  <i image="0.stabOF.2_1.png" delay="200" x="-118" y="-1"/>
  <i image="0.proneStab.1_0.png" delay="30" x="-86" y="-13"/>
  <i image="0.proneStab.1_1.png" delay="200" x="-86" y="-13"/>
  <i image="1.swingT1.2_0.png" delay="200" x="-108" y="-1"/>
  <i image="1.swingT2.2_0.png" delay="200" x="-93" y="-5"/>
  <i image="1.swingT3.2_0.png" delay="200" x="-95" y="-35"/>
  <i image="1.swingTF.3_0.png" delay="200" x="-123" y="-18"/>
  <i image="1.stabO1.1_0.png" delay="30" x="-92" y="5"/>
  <i image="1.stabO1.1_1.png" delay="200" x="-92" y="5"/>
  <i image="1.stabO2.1_0.png" delay="30" x="-89" y="5"/>
  <i image="1.stabO2.1_1.png" delay="200" x="-89" y="5"/>
  <i image="1.stabOF.2_0.png" delay="30" x="-118" y="-1"/>
  <i image="1.stabOF.2_1.png" delay="200" x="-118" y="-1"/>
  <i image="1.proneStab.1_0.png" delay="30" x="-86" y="-13"/>
  <i image="1.proneStab.1_1.png" delay="200" x="-86" y="-13"/>
  <i image="2.swingT1.2_0.png" delay="200" x="-108" y="-1"/>
  <i image="2.swingT2.2_0.png" delay="200" x="-93" y="-5"/>
  <i image="2.swingT3.2_0.png" delay="200" x="-95" y="-35"/>
  <i image="2.swingTF.3_0.png" delay="200" x="-123" y="-18"/>
  <i image="2.stabO1.1_0.png" delay="30" x="-92" y="5"/>
  <i image="2.stabO1.1_1.png" delay="200" x="-92" y="5"/>
  <i image="2.stabO2.1_0.png" delay="30" x="-89" y="5"/>
  <i image="2.stabO2.1_1.png" delay="200" x="-89" y="5"/>
  <i image="2.stabOF.2_0.png" delay="30" x="-118" y="-1"/>
  <i image="2.stabOF.2_1.png" delay="200" x="-118" y="-1"/>
  <i image="2.proneStab.1_0.png" delay="30" x="-86" y="-13"/>
  <i image="2.proneStab.1_1.png" delay="200" x="-86" y="-13"/>
  <i image="3.swingT1.2_0.png" delay="200" x="-108" y="-1"/>
  <i image="3.swingT2.2_0.png" delay="200" x="-93" y="-5"/>
  <i image="3.swingT3.2_0.png" delay="200" x="-95" y="-35"/>
  <i image="3.swingTF.3_0.png" delay="200" x="-123" y="-18"/>
  <i image="3.stabO1.1_0.png" delay="30" x="-92" y="5"/>
  <i image="3.stabO1.1_1.png" delay="200" x="-92" y="5"/>
  <i image="3.stabO2.1_0.png" delay="30" x="-89" y="5"/>
  <i image="3.stabO2.1_1.png" delay="200" x="-89" y="5"/>
  <i image="3.stabOF.2_0.png" delay="30" x="-118" y="-1"/>
  <i image="3.stabOF.2_1.png" delay="200" x="-118" y="-1"/>
  <i image="3.proneStab.1_0.png" delay="30" x="-86" y="-13"/>
  <i image="3.proneStab.1_1.png" delay="200" x="-86" y="-13"/>
  <i image="4.swingT1.2_0.png" delay="200" x="-108" y="-1"/>
  <i image="4.swingT2.2_0.png" delay="200" x="-93" y="-5"/>
  <i image="4.swingT3.2_0.png" delay="200" x="-95" y="-35"/>
  <i image="4.swingTF.3_0.png" delay="200" x="-123" y="-18"/>
  <i image="4.stabO1.1_0.png" delay="30" x="-92" y="5"/>
  <i image="4.stabO1.1_1.png" delay="200" x="-92" y="5"/>
  <i image="4.stabO2.1_0.png" delay="30" x="-89" y="5"/>
  <i image="4.stabO2.1_1.png" delay="200" x="-89" y="5"/>
  <i image="4.stabOF.2_0.png" delay="30" x="-118" y="-1"/>
  <i image="4.stabOF.2_1.png" delay="200" x="-118" y="-1"/>
  <i image="4.proneStab.1_0.png" delay="30" x="-86" y="-13"/>
  <i image="4.proneStab.1_1.png" delay="200" x="-86" y="-13"/>
  <i image="5.swingT1.2_0.png" delay="200" x="-108" y="-1"/>
  <i image="5.swingT2.2_0.png" delay="200" x="-93" y="-5"/>
  <i image="5.swingT3.2_0.png" delay="200" x="-95" y="-35"/>
  <i image="5.swingTF.3_0.png" delay="200" x="-123" y="-18"/>
  <i image="5.stabO1.1_0.png" delay="30" x="-92" y="5"/>
  <i image="5.stabO1.1_1.png" delay="200" x="-92" y="5"/>
  <i image="5.stabO2.1_0.png" delay="30" x="-89" y="5"/>
  <i image="5.stabO2.1_1.png" delay="200" x="-89" y="5"/>
  <i image="5.stabOF.2_0.png" delay="30" x="-118" y="-1"/>
  <i image="5.stabOF.2_1.png" delay="200" x="-118" y="-1"/>
  <i image="5.proneStab.1_0.png" delay="30" x="-86" y="-13"/>
  <i image="5.proneStab.1_1.png" delay="200" x="-86" y="-13"/>
  <i image="6.swingT1.2_0.png" delay="200" x="-108" y="-1"/>
  <i image="6.swingT2.2_0.png" delay="200" x="-93" y="-5"/>
  <i image="6.swingT3.2_0.png" delay="200" x="-95" y="-35"/>
  <i image="6.swingTF.3_0.png" delay="200" x="-123" y="-18"/>
  <i image="6.stabO1.1_0.png" delay="30" x="-92" y="5"/>
  <i image="6.stabO1.1_1.png" delay="200" x="-92" y="5"/>
  <i image="6.stabO2.1_0.png" delay="30" x="-89" y="5"/>
  <i image="6.stabO2.1_1.png" delay="200" x="-89" y="5"/>
  <i image="6.stabOF.2_0.png" delay="30" x="-118" y="-1"/>
  <i image="6.stabOF.2_1.png" delay="200" x="-118" y="-1"/>
  <i image="6.proneStab.1_0.png" delay="30" x="-86" y="-13"/>
  <i image="6.proneStab.1_1.png" delay="200" x="-86" y="-13"/>
  <i image="7.swingT1.2_0.png" delay="200" x="-108" y="-1"/>
  <i image="7.swingT2.2_0.png" delay="200" x="-93" y="-5"/>
  <i image="7.swingT3.2_0.png" delay="200" x="-95" y="-35"/>
  <i image="7.swingTF.3_0.png" delay="200" x="-123" y="-18"/>
  <i image="7.stabO1.1_0.png" delay="30" x="-92" y="5"/>
  <i image="7.stabO1.1_1.png" delay="200" x="-92" y="5"/>
  <i image="7.stabO2.1_0.png" delay="30" x="-89" y="5"/>
  <i image="7.stabO2.1_1.png" delay="200" x="-89" y="5"/>
  <i image="7.stabOF.2_0.png" delay="30" x="-118" y="-1"/>
  <i image="7.stabOF.2_1.png" delay="200" x="-118" y="-1"/>
  <i image="7.proneStab.1_0.png" delay="30" x="-86" y="-13"/>
  <i image="7.proneStab.1_1.png" delay="200" x="-86" y="-13"/>
  <i image="8.swingT1.2_0.png" delay="200" x="-108" y="-1"/>
  <i image="8.swingT2.2_0.png" delay="200" x="-93" y="-5"/>
  <i image="8.swingT3.2_0.png" delay="200" x="-95" y="-35"/>
  <i image="8.swingTF.3_0.png" delay="200" x="-123" y="-18"/>
  <i image="8.stabO1.1_0.png" delay="30" x="-92" y="5"/>
  <i image="8.stabO1.1_1.png" delay="200" x="-92" y="5"/>
  <i image="8.stabO2.1_0.png" delay="30" x="-89" y="5"/>
  <i image="8.stabO2.1_1.png" delay="200" x="-89" y="5"/>
  <i image="8.stabOF.2_0.png" delay="30" x="-118" y="-1"/>
  <i image="8.stabOF.2_1.png" delay="200" x="-118" y="-1"/>
  <i image="8.proneStab.1_0.png" delay="30" x="-86" y="-13"/>
  <i image="8.proneStab.1_1.png" delay="200" x="-86" y="-13"/>
  <i image="9.swingT1.2_0.png" delay="200" x="-108" y="-1"/>
  <i image="9.swingT2.2_0.png" delay="200" x="-93" y="-5"/>
  <i image="9.swingT3.2_0.png" delay="200" x="-95" y="-35"/>
  <i image="9.swingTF.3_0.png" delay="200" x="-123" y="-18"/>
  <i image="9.stabO1.1_0.png" delay="30" x="-92" y="5"/>
  <i image="9.stabO1.1_1.png" delay="200" x="-92" y="5"/>
  <i image="9.stabO2.1_0.png" delay="30" x="-89" y="5"/>
  <i image="9.stabO2.1_1.png" delay="200" x="-89" y="5"/>
  <i image="9.stabOF.2_0.png" delay="30" x="-118" y="-1"/>
  <i image="9.stabOF.2_1.png" delay="200" x="-118" y="-1"/>
  <i image="9.proneStab.1_0.png" delay="30" x="-86" y="-13"/>
  <i image="9.proneStab.1_1.png" delay="200" x="-86" y="-13"/>
  <i image="10.swingT1.2_0.png" delay="200" x="-131" y="-25"/>
  <i image="10.swingT2.2_0.png" delay="200" x="-109" y="-15"/>
  <i image="10.swingT3.2_0.png" delay="200" x="-110" y="-36"/>
  <i image="10.swingTF.3_0.png" delay="200" x="-140" y="-20"/>
  <i image="10.stabO1.1_0.png" delay="30" x="-95" y="-6"/>
  <i image="10.stabO1.1_1.png" delay="200" x="-95" y="-6"/>
  <i image="10.stabO2.1_0.png" delay="30" x="-97" y="-5"/>
  <i image="10.stabO2.1_1.png" delay="200" x="-97" y="-5"/>
  <i image="10.stabOF.2_0.png" delay="30" x="-124" y="-7"/>
  <i image="10.stabOF.2_1.png" delay="200" x="-124" y="-7"/>
  <i image="10.proneStab.1_0.png" delay="30" x="-86" y="-23"/>
  <i image="10.proneStab.1_1.png" delay="200" x="-86" y="-23"/>
  <i image="11.swingT1.2_0.png" delay="200" x="-131" y="-25"/>
  <i image="11.swingT2.2_0.png" delay="200" x="-109" y="-15"/>
  <i image="11.swingT3.2_0.png" delay="200" x="-110" y="-36"/>
  <i image="11.swingTF.3_0.png" delay="200" x="-140" y="-20"/>
  <i image="11.stabO1.1_0.png" delay="30" x="-95" y="-6"/>
  <i image="11.stabO1.1_1.png" delay="200" x="-95" y="-6"/>
  <i image="11.stabO2.1_0.png" delay="30" x="-97" y="-5"/>
  <i image="11.stabO2.1_1.png" delay="200" x="-97" y="-5"/>
  <i image="11.stabOF.2_0.png" delay="30" x="-124" y="-7"/>
  <i image="11.stabOF.2_1.png" delay="200" x="-124" y="-7"/>
  <i image="11.proneStab.1_0.png" delay="30" x="-86" y="-23"/>
  <i image="11.proneStab.1_1.png" delay="200" x="-86" y="-23"/>
  <i image="12.swingT1.2_0.png" delay="200" x="-131" y="-25"/>
  <i image="12.swingT2.2_0.png" delay="200" x="-109" y="-15"/>
  <i image="12.swingT3.2_0.png" delay="200" x="-110" y="-36"/>
  <i image="12.swingTF.3_0.png" delay="200" x="-140" y="-20"/>
  <i image="12.stabO1.1_0.png" delay="30" x="-95" y="-6"/>
  <i image="12.stabO1.1_1.png" delay="200" x="-95" y="-6"/>
  <i image="12.stabO2.1_0.png" delay="30" x="-97" y="-5"/>
  <i image="12.stabO2.1_1.png" delay="200" x="-97" y="-5"/>
  <i image="12.stabOF.2_0.png" delay="30" x="-124" y="-7"/>
  <i image="12.stabOF.2_1.png" delay="200" x="-124" y="-7"/>
  <i image="12.proneStab.1_0.png" delay="30" x="-86" y="-23"/>
  <i image="12.proneStab.1_1.png" delay="200" x="-86" y="-23"/>
  <i image="13.swingT1.2_0.png" delay="200" x="-131" y="-25"/>
  <i image="13.swingT2.2_0.png" delay="200" x="-109" y="-15"/>
  <i image="13.swingT3.2_0.png" delay="200" x="-110" y="-36"/>
  <i image="13.swingTF.3_0.png" delay="200" x="-140" y="-20"/>
  <i image="13.stabO1.1_0.png" delay="30" x="-95" y="-6"/>
  <i image="13.stabO1.1_1.png" delay="200" x="-95" y="-6"/>
  <i image="13.stabO2.1_0.png" delay="30" x="-97" y="-5"/>
  <i image="13.stabO2.1_1.png" delay="200" x="-97" y="-5"/>
  <i image="13.stabOF.2_0.png" delay="30" x="-124" y="-7"/>
  <i image="13.stabOF.2_1.png" delay="200" x="-124" y="-7"/>
  <i image="13.proneStab.1_0.png" delay="30" x="-86" y="-23"/>
  <i image="13.proneStab.1_1.png" delay="200" x="-86" y="-23"/>
  <i image="14.swingT1.2_0.png" delay="200" x="-131" y="-25"/>
  <i image="14.swingT2.2_0.png" delay="200" x="-109" y="-15"/>
  <i image="14.swingT3.2_0.png" delay="200" x="-110" y="-36"/>
  <i image="14.swingTF.3_0.png" delay="200" x="-140" y="-20"/>
  <i image="14.stabO1.1_0.png" delay="30" x="-95" y="-6"/>
  <i image="14.stabO1.1_1.png" delay="200" x="-95" y="-6"/>
  <i image="14.stabO2.1_0.png" delay="30" x="-97" y="-5"/>
  <i image="14.stabO2.1_1.png" delay="200" x="-97" y="-5"/>
  <i image="14.stabOF.2_0.png" delay="30" x="-124" y="-7"/>
  <i image="14.stabOF.2_1.png" delay="200" x="-124" y="-7"/>
  <i image="14.proneStab.1_0.png" delay="30" x="-86" y="-23"/>
  <i image="14.proneStab.1_1.png" delay="200" x="-86" y="-23"/>
  <i image="15.swingT1.2_0.png" delay="200" x="-131" y="-25"/>
  <i image="15.swingT2.2_0.png" delay="200" x="-109" y="-15"/>
  <i image="15.swingT3.2_0.png" delay="200" x="-110" y="-36"/>
  <i image="15.swingTF.3_0.png" delay="200" x="-140" y="-20"/>
  <i image="15.stabO1.1_0.png" delay="30" x="-95" y="-6"/>
  <i image="15.stabO1.1_1.png" delay="200" x="-95" y="-6"/>
  <i image="15.stabO2.1_0.png" delay="30" x="-97" y="-5"/>
  <i image="15.stabO2.1_1.png" delay="200" x="-97" y="-5"/>
  <i image="15.stabOF.2_0.png" delay="30" x="-124" y="-7"/>
  <i image="15.stabOF.2_1.png" delay="200" x="-124" y="-7"/>
  <i image="15.proneStab.1_0.png" delay="30" x="-86" y="-23"/>
  <i image="15.proneStab.1_1.png" delay="200" x="-86" y="-23"/>
  <i image="16.swingT1.2_0.png" delay="200" x="-131" y="-25"/>
  <i image="16.swingT2.2_0.png" delay="200" x="-109" y="-15"/>
  <i image="16.swingT3.2_0.png" delay="200" x="-110" y="-36"/>
  <i image="16.swingTF.3_0.png" delay="200" x="-140" y="-20"/>
  <i image="16.stabO1.1_0.png" delay="30" x="-95" y="-6"/>
  <i image="16.stabO1.1_1.png" delay="200" x="-95" y="-6"/>
  <i image="16.stabO2.1_0.png" delay="30" x="-97" y="-5"/>
  <i image="16.stabO2.1_1.png" delay="200" x="-97" y="-5"/>
  <i image="16.stabOF.2_0.png" delay="30" x="-124" y="-7"/>
  <i image="16.stabOF.2_1.png" delay="200" x="-124" y="-7"/>
  <i image="16.proneStab.1_0.png" delay="30" x="-86" y="-23"/>
  <i image="16.proneStab.1_1.png" delay="200" x="-86" y="-23"/>
  <i image="charge.1.swingT1.2_0.png" delay="300" x="-101" y="2"/>
  <i image="charge.1.swingT2.2_0.png" delay="300" x="-101" y="1"/>
  <i image="charge.1.swingT3.2_0.png" delay="300" x="-109" y="-19"/>
  <i image="charge.1.swingTF.3_0.png" delay="300" x="-115" y="0"/>
  <i image="charge.1.stabO1.1_0.png" delay="50" x="-112" y="1"/>
  <i image="charge.1.stabO1.1_1.png" delay="300" x="-112" y="1"/>
  <i image="charge.1.stabO2.1_0.png" delay="50" x="-131" y="1"/>
  <i image="charge.1.stabO2.1_1.png" delay="300" x="-131" y="1"/>
  <i image="charge.1.stabOF.2_0.png" delay="50" x="-139" y="-11"/>
  <i image="charge.1.stabOF.2_1.png" delay="300" x="-139" y="-11"/>
  <i image="charge.1.proneStab.1_0.png" delay="50" x="-109" y="-18"/>
  <i image="charge.1.proneStab.1_1.png" delay="300" x="-109" y="-18"/>
  <i image="charge.2.swingT1.2_0.png" delay="300" x="-98" y="-3"/>
  <i image="charge.2.swingT2.2_0.png" delay="300" x="-92" y="0"/>
  <i image="charge.2.swingT3.2_0.png" delay="300" x="-93" y="-18"/>
  <i image="charge.2.swingTF.3_0.png" delay="300" x="-114" y="-1"/>
  <i image="charge.2.stabO1.1_0.png" delay="50" x="-112" y="8"/>
  <i image="charge.2.stabO1.1_1.png" delay="300" x="-112" y="8"/>
  <i image="charge.2.stabO2.1_0.png" delay="50" x="-128" y="8"/>
  <i image="charge.2.stabO2.1_1.png" delay="300" x="-128" y="8"/>
  <i image="charge.2.stabOF.2_0.png" delay="50" x="-139" y="1"/>
  <i image="charge.2.stabOF.2_1.png" delay="300" x="-139" y="1"/>
  <i image="charge.2.proneStab.1_0.png" delay="50" x="-109" y="-9"/>
  <i image="charge.2.proneStab.1_1.png" delay="300" x="-109" y="-9"/>
  <i image="charge.3.swingT1.2_0.png" delay="300" x="-94" y="1"/>
  <i image="charge.3.swingT2.2_0.png" delay="300" x="-89" y="-7"/>
  <i image="charge.3.swingT3.2_0.png" delay="300" x="-88" y="-20"/>
  <i image="charge.3.swingTF.3_0.png" delay="300" x="-95" y="0"/>
  <i image="charge.3.stabO1.1_0.png" delay="50" x="-112" y="10"/>
  <i image="charge.3.stabO1.1_1.png" delay="300" x="-112" y="10"/>
  <i image="charge.3.stabO2.1_0.png" delay="50" x="-128" y="7"/>
  <i image="charge.3.stabO2.1_1.png" delay="300" x="-128" y="7"/>
  <i image="charge.3.stabOF.2_0.png" delay="50" x="-139" y="1"/>
  <i image="charge.3.stabOF.2_1.png" delay="300" x="-139" y="1"/>
  <i image="charge.3.proneStab.1_0.png" delay="50" x="-109" y="-10"/>
  <i image="charge.3.proneStab.1_1.png" delay="300" x="-109" y="-10"/>
  <i image="charge.5.swingT1.2_0.png" delay="300" x="-138" y="-26"/>
  <i image="charge.5.swingT2.2_0.png" delay="300" x="-126" y="-18"/>
  <i image="charge.5.swingT3.2_0.png" delay="300" x="-133" y="-31"/>
  <i image="charge.5.swingTF.3_0.png" delay="300" x="-131" y="-23"/>
  <i image="charge.5.stabO1.1_0.png" delay="50" x="-113" y="-1"/>
  <i image="charge.5.stabO2.1_0.png" delay="50" x="-112" y="-4"/>
  <i image="charge.5.stabOF.2_0.png" delay="50" x="-142" y="-20"/>
  <i image="charge.5.proneStab.1_0.png" delay="50" x="-111" y="-23"/>
</i>