<i>
  <i image="NoCri0_0.png" delay="100" x="-18" y="-38"/>
  <i image="NoCri0_1.png" delay="100" x="-18" y="-38"/>
  <i image="NoCri0_2.png" delay="100" x="-18" y="-38"/>
  <i image="NoCri0_3.png" delay="100" x="-18" y="-38"/>
  <i image="NoCri0_4.png" delay="100" x="-18" y="-38"/>
  <i image="NoCri0_5.png" delay="100" x="-18" y="-38"/>
  <i image="NoCri0_6.png" delay="100" x="-18" y="-38"/>
  <i image="NoCri0_7.png" delay="100" x="-18" y="-38"/>
  <i image="NoCri0_8.png" delay="100" x="-18" y="-38"/>
  <i image="NoCri0_9.png" delay="100" x="-18" y="-38"/>
</i>