<i>
  <i image="Appear_0.png" delay="100" x="-69" y="-69"/>
  <i image="Appear_1.png" delay="100" x="-69" y="-69"/>
  <i image="Appear_2.png" delay="100" x="-69" y="-69"/>
  <i image="Appear_3.png" delay="100" x="-69" y="-69"/>
  <i image="Appear_4.png" delay="100" x="-69" y="-69"/>
  <i image="Appear_5.png" delay="100" x="-69" y="-69"/>
  <i image="Appear_6.png" delay="100" x="-69" y="-69"/>
  <i image="Appear_7.png" delay="100" x="-69" y="-69"/>
  <i image="Appear_8.png" delay="100" x="-69" y="-69"/>
  <i image="Appear_9.png" delay="100" x="-69" y="-69"/>
  <i image="Notify_0.png" delay="100" x="-20" y="-18"/>
  <i image="Notify_1.png" delay="100" x="-20" y="-18"/>
  <i image="Notify_2.png" delay="100" x="-20" y="-18"/>
  <i image="Notify_3.png" delay="100" x="-20" y="-18"/>
  <i image="Notify_4.png" delay="100" x="-20" y="-18"/>
  <i image="Notify_5.png" delay="100" x="-20" y="-18"/>
  <i image="Notify_6.png" delay="100" x="-20" y="-18"/>
  <i image="Notify_7.png" delay="100" x="-20" y="-18"/>
  <i image="Notify_8.png" delay="100" x="-20" y="-18"/>
  <i image="Notify_9.png" delay="100" x="-20" y="-18"/>
  <i image="Notify_10.png" delay="100" x="-20" y="-18"/>
  <i image="Notify_11.png" delay="100" x="-20" y="-18"/>
  <i image="Default_0.png" delay="100" x="-19" y="-19"/>
  <i image="Default_1.png" delay="100" x="-19" y="-19"/>
  <i image="Default_2.png" delay="100" x="-19" y="-19"/>
  <i image="Default_3.png" delay="100" x="-19" y="-19"/>
  <i image="Default_4.png" delay="100" x="-19" y="-19"/>
  <i image="Default_5.png" delay="100" x="-19" y="-19"/>
  <i image="Default_6.png" delay="100" x="-19" y="-19"/>
  <i image="Default_7.png" delay="100" x="-19" y="-19"/>
  <i image="Default_8.png" delay="100" x="-19" y="-19"/>
  <i image="Default_9.png" delay="100" x="-19" y="-19"/>
  <i image="Default_10.png" delay="100" x="-19" y="-19"/>
  <i image="Default_11.png" delay="100" x="-19" y="-19"/>
</i>