<i>
  <i image="sword1_0.png" delay="100" x="-31" y="-69"/>
  <i image="sword1_1.png" delay="100" x="-31" y="-69"/>
  <i image="sword1_2.png" delay="100" x="-31" y="-69"/>
  <i image="sword2_0.png" delay="100" x="-21" y="-80"/>
  <i image="sword2_1.png" delay="100" x="-21" y="-80"/>
  <i image="sword2_2.png" delay="100" x="-21" y="-80"/>
  <i image="mace1_0.png" delay="20" x="-17" y="-17"/>
  <i image="mace1_1.png" delay="100" x="-17" y="-17"/>
  <i image="mace2_0.png" delay="20" x="-14" y="-16"/>
  <i image="mace2_1.png" delay="100" x="-14" y="-16"/>
  <i image="maceF_0.png" delay="20" x="-43" y="-42"/>
  <i image="maceF_1.png" delay="100" x="-43" y="-42"/>
  <i image="maceF_2.png" delay="100" x="-43" y="-42"/>
  <i image="maceF_3.png" delay="100" x="-43" y="-42"/>
  <i image="maceF_4.png" delay="100" x="-43" y="-42"/>
  <i image="swordF_0.png" delay="100" x="-53" y="-25"/>
  <i image="swordF_1.png" delay="100" x="-53" y="-25"/>
  <i image="swordF_2.png" delay="100" x="-53" y="-25"/>
  <i image="swordF_3.png" delay="100" x="-53" y="-25"/>
  <i image="anniversary_0.png" delay="60" x="-58" y="-64"/>
  <i image="anniversary_1.png" delay="60" x="-58" y="-64"/>
  <i image="anniversary_2.png" delay="60" x="-58" y="-64"/>
  <i image="anniversary_3.png" delay="60" x="-58" y="-64"/>
  <i image="anniversary_4.png" delay="60" x="-58" y="-64"/>
  <i image="anniversary_5.png" delay="60" x="-58" y="-64"/>
  <i image="anniversary_6.png" delay="60" x="-58" y="-64"/>
  <i image="anniversary_7.png" delay="60" x="-58" y="-64"/>
  <i image="anniversary1_0.png" delay="100" x="-91" y="-74"/>
  <i image="anniversary1_1.png" delay="110" x="-91" y="-74"/>
  <i image="anniversary1_2.png" delay="120" x="-91" y="-74"/>
  <i image="anniversary1_3.png" delay="130" x="-91" y="-74"/>
  <i image="anniversary2_0.png" delay="120" x="-65" y="-66"/>
  <i image="anniversary2_1.png" delay="130" x="-65" y="-66"/>
  <i image="anniversary2_2.png" delay="140" x="-65" y="-66"/>
  <i image="anniversary2_3.png" delay="150" x="-65" y="-66"/>
  <i image="anniversary3_0.png" delay="70" x="-57" y="-73"/>
  <i image="anniversary3_1.png" delay="70" x="-57" y="-73"/>
  <i image="anniversary3_2.png" delay="70" x="-57" y="-73"/>
  <i image="anniversary3_3.png" delay="70" x="-57" y="-73"/>
  <i image="anniversary3_4.png" delay="70" x="-57" y="-73"/>
  <i image="anniversary3_5.png" delay="70" x="-57" y="-73"/>
  <i image="anniversary3_6.png" delay="70" x="-57" y="-73"/>
  <i image="anniversary3_7.png" delay="70" x="-57" y="-73"/>
  <i image="anniversary4_0.png" delay="70" x="-58" y="-72"/>
  <i image="anniversary4_1.png" delay="70" x="-58" y="-72"/>
  <i image="anniversary4_2.png" delay="70" x="-58" y="-72"/>
  <i image="anniversary4_3.png" delay="70" x="-58" y="-72"/>
  <i image="anniversary4_4.png" delay="70" x="-58" y="-72"/>
  <i image="anniversary4_5.png" delay="70" x="-58" y="-72"/>
  <i image="anniversary4_6.png" delay="70" x="-58" y="-72"/>
  <i image="anniversary4_7.png" delay="70" x="-58" y="-72"/>
  <i image="anniversary5_0.png" delay="70" x="-58" y="-72"/>
  <i image="anniversary5_1.png" delay="70" x="-58" y="-72"/>
  <i image="anniversary5_2.png" delay="70" x="-58" y="-72"/>
  <i image="anniversary5_3.png" delay="70" x="-58" y="-72"/>
  <i image="anniversary5_4.png" delay="70" x="-58" y="-72"/>
  <i image="anniversary5_5.png" delay="70" x="-58" y="-72"/>
  <i image="anniversary5_6.png" delay="70" x="-58" y="-72"/>
  <i image="anniversary5_7.png" delay="70" x="-58" y="-72"/>
  <i image="anniversary6_0.png" delay="70" x="-58" y="-72"/>
  <i image="anniversary6_1.png" delay="70" x="-58" y="-72"/>
  <i image="anniversary6_2.png" delay="70" x="-58" y="-72"/>
  <i image="anniversary6_3.png" delay="70" x="-58" y="-72"/>
  <i image="anniversary6_4.png" delay="70" x="-58" y="-72"/>
  <i image="anniversary6_5.png" delay="70" x="-58" y="-72"/>
  <i image="anniversary6_6.png" delay="70" x="-58" y="-72"/>
  <i image="anniversary6_7.png" delay="70" x="-58" y="-72"/>
</i>