<i>
  <i image="move_0.png" delay="180" x="-18" y="-37"/>
  <i image="move_1.png" delay="180" x="-18" y="-37"/>
  <i image="move_2.png" delay="180" x="-18" y="-37"/>
  <i image="move_3.png" delay="180" x="-18" y="-37"/>
  <i image="stand_0.png" delay="180" x="-18" y="-36"/>
  <i image="stand_1.png" delay="100" x="-18" y="-36"/>
  <i image="stand_2.png" delay="180" x="-18" y="-36"/>
  <i image="stand_3.png" delay="100" x="-18" y="-36"/>
  <i image="stand_4.png" delay="180" x="-18" y="-36"/>
  <i image="hit1_0.png" delay="600" x="-18" y="-36"/>
  <i image="die1_0.png" delay="120" x="-53" y="-37"/>
  <i image="die1_1.png" delay="120" x="-53" y="-37"/>
  <i image="die1_2.png" delay="120" x="-53" y="-37"/>
  <i image="die1_3.png" delay="300" x="-53" y="-37"/>
</i>