<i>
  <i image="info_0.png" delay="100" x="4" y="-30"/>
  <i image="3001005_0.png" delay="100" x="0" y="-32"/>
  <i image="3001005_1.png" delay="100" x="0" y="-32"/>
  <i image="3001005_2.png" delay="100" x="0" y="-32"/>
  <i image="hit.0_0.png" delay="100" x="-19" y="-63"/>
  <i image="hit.0_1.png" delay="100" x="-19" y="-63"/>
  <i image="hit.0_2.png" delay="100" x="-19" y="-63"/>
  <i image="hit.0_3.png" delay="100" x="-19" y="-63"/>
  <i image="hit.0_4.png" delay="100" x="-19" y="-63"/>
  <i image="hit.0_5.png" delay="100" x="-19" y="-63"/>
  <i image="hit.1_0.png" delay="100" x="-52" y="-49"/>
  <i image="hit.1_1.png" delay="100" x="-52" y="-49"/>
  <i image="hit.1_2.png" delay="100" x="-52" y="-49"/>
  <i image="hit.1_3.png" delay="100" x="-52" y="-49"/>
  <i image="hit.1_4.png" delay="100" x="-52" y="-49"/>
  <i image="hit.1_5.png" delay="100" x="-52" y="-49"/>
  <i image="hit.1_6.png" delay="100" x="-52" y="-49"/>
  <i image="CharLevel.10.hit.0_0.png" delay="100" x="-19" y="-63"/>
  <i image="CharLevel.10.hit.0_1.png" delay="100" x="-19" y="-63"/>
  <i image="CharLevel.10.hit.0_2.png" delay="100" x="-19" y="-63"/>
  <i image="CharLevel.10.hit.0_3.png" delay="100" x="-19" y="-63"/>
  <i image="CharLevel.10.hit.0_4.png" delay="100" x="-19" y="-63"/>
  <i image="CharLevel.10.hit.0_5.png" delay="100" x="-19" y="-63"/>
  <i image="CharLevel.10.hit.1_0.png" delay="60" x="-52" y="-49"/>
  <i image="CharLevel.10.hit.1_1.png" delay="60" x="-52" y="-49"/>
  <i image="CharLevel.10.hit.1_2.png" delay="60" x="-52" y="-49"/>
  <i image="CharLevel.10.hit.1_3.png" delay="60" x="-52" y="-49"/>
  <i image="CharLevel.10.hit.1_4.png" delay="60" x="-52" y="-49"/>
  <i image="CharLevel.10.hit.1_5.png" delay="60" x="-52" y="-49"/>
  <i image="CharLevel.10.hit.1_6.png" delay="60" x="-52" y="-49"/>
  <i image="CharLevel.15.hit.0_0.png" delay="100" x="-19" y="-63"/>
  <i image="CharLevel.15.hit.0_1.png" delay="100" x="-19" y="-63"/>
  <i image="CharLevel.15.hit.0_2.png" delay="100" x="-19" y="-63"/>
  <i image="CharLevel.15.hit.0_3.png" delay="100" x="-19" y="-63"/>
  <i image="CharLevel.15.hit.0_4.png" delay="100" x="-19" y="-63"/>
  <i image="CharLevel.15.hit.0_5.png" delay="100" x="-19" y="-63"/>
  <i image="CharLevel.15.hit.1_0.png" delay="100" x="-52" y="-49"/>
  <i image="CharLevel.15.hit.1_1.png" delay="100" x="-52" y="-49"/>
  <i image="CharLevel.15.hit.1_2.png" delay="100" x="-52" y="-49"/>
  <i image="CharLevel.15.hit.1_3.png" delay="100" x="-52" y="-49"/>
  <i image="CharLevel.15.hit.1_4.png" delay="100" x="-52" y="-49"/>
  <i image="CharLevel.15.hit.1_5.png" delay="100" x="-52" y="-49"/>
  <i image="CharLevel.15.hit.1_6.png" delay="100" x="-52" y="-49"/>
  <i image="CharLevel.20.hit.0_0.png" delay="100" x="-19" y="-63"/>
  <i image="CharLevel.20.hit.0_1.png" delay="100" x="-19" y="-63"/>
  <i image="CharLevel.20.hit.0_2.png" delay="100" x="-19" y="-63"/>
  <i image="CharLevel.20.hit.0_3.png" delay="100" x="-19" y="-63"/>
  <i image="CharLevel.20.hit.0_4.png" delay="100" x="-19" y="-63"/>
  <i image="CharLevel.20.hit.0_5.png" delay="100" x="-19" y="-63"/>
  <i image="CharLevel.20.hit.1_0.png" delay="100" x="-52" y="-49"/>
  <i image="CharLevel.20.hit.1_1.png" delay="100" x="-52" y="-49"/>
  <i image="CharLevel.20.hit.1_2.png" delay="100" x="-52" y="-49"/>
  <i image="CharLevel.20.hit.1_3.png" delay="100" x="-52" y="-49"/>
  <i image="CharLevel.20.hit.1_4.png" delay="100" x="-52" y="-49"/>
  <i image="CharLevel.20.hit.1_5.png" delay="100" x="-52" y="-49"/>
  <i image="CharLevel.20.hit.1_6.png" delay="100" x="-52" y="-49"/>
  <i image="CharLevel.25.hit.0_0.png" delay="100" x="-20" y="-64"/>
  <i image="CharLevel.25.hit.0_1.png" delay="100" x="-20" y="-64"/>
  <i image="CharLevel.25.hit.0_2.png" delay="100" x="-20" y="-64"/>
  <i image="CharLevel.25.hit.0_3.png" delay="100" x="-20" y="-64"/>
  <i image="CharLevel.25.hit.0_4.png" delay="100" x="-20" y="-64"/>
  <i image="CharLevel.25.hit.0_5.png" delay="100" x="-20" y="-64"/>
  <i image="CharLevel.25.hit.1_0.png" delay="100" x="-55" y="-53"/>
  <i image="CharLevel.25.hit.1_1.png" delay="100" x="-55" y="-53"/>
  <i image="CharLevel.25.hit.1_2.png" delay="100" x="-55" y="-53"/>
  <i image="CharLevel.25.hit.1_3.png" delay="100" x="-55" y="-53"/>
  <i image="CharLevel.25.hit.1_4.png" delay="100" x="-55" y="-53"/>
  <i image="CharLevel.25.hit.1_5.png" delay="100" x="-55" y="-53"/>
  <i image="CharLevel.25.hit.1_6.png" delay="100" x="-55" y="-53"/>
</i>