<i>
  <i image="move_0.png" delay="180" x="-19" y="-26"/>
  <i image="move_1.png" delay="180" x="-19" y="-26"/>
  <i image="move_2.png" delay="180" x="-19" y="-26"/>
  <i image="move_3.png" delay="180" x="-19" y="-26"/>
  <i image="move_4.png" delay="180" x="-19" y="-26"/>
  <i image="move_5.png" delay="180" x="-19" y="-26"/>
  <i image="move_6.png" delay="180" x="-19" y="-26"/>
  <i image="move_7.png" delay="180" x="-19" y="-26"/>
  <i image="move_8.png" delay="180" x="-19" y="-26"/>
  <i image="stand_0.png" delay="100" x="-19" y="-26"/>
  <i image="hit1_0.png" delay="600" x="-22" y="-33"/>
  <i image="die1_0.png" delay="120" x="-22" y="-33"/>
  <i image="die1_1.png" delay="120" x="-22" y="-33"/>
  <i image="die1_2.png" delay="120" x="-22" y="-33"/>
  <i image="die1_3.png" delay="120" x="-22" y="-33"/>
  <i image="die1_4.png" delay="120" x="-22" y="-33"/>
  <i image="die1_5.png" delay="120" x="-22" y="-33"/>
  <i image="die1_6.png" delay="120" x="-22" y="-33"/>
  <i image="die1_7.png" delay="120" x="-22" y="-33"/>
  <i image="die1_8.png" delay="300" x="-22" y="-33"/>
</i>