<i>
  <i image="0.swingO1.2_0.png" delay="200" x="-85" y="-68"/>
  <i image="0.swingO2.2_0.png" delay="200" x="-77" y="-66"/>
  <i image="0.swingO3.2_0.png" delay="200" x="-102" y="-60"/>
  <i image="0.swingOF.3_0.png" delay="200" x="-127" y="-48"/>
  <i image="0.stabO1.1_0.png" delay="30" x="-86" y="-36"/>
  <i image="0.stabO1.1_1.png" delay="200" x="-86" y="-36"/>
  <i image="0.stabO2.1_0.png" delay="30" x="-85" y="-35"/>
  <i image="0.stabO2.1_1.png" delay="200" x="-85" y="-35"/>
  <i image="0.stabOF.2_0.png" delay="30" x="-112" y="-36"/>
  <i image="0.stabOF.2_1.png" delay="200" x="-112" y="-36"/>
  <i image="0.proneStab.1_0.png" delay="30" x="-75" y="-19"/>
  <i image="0.proneStab.1_1.png" delay="200" x="-75" y="-19"/>
  <i image="1.swingO1.2_0.png" delay="200" x="-85" y="-68"/>
  <i image="1.swingO2.2_0.png" delay="200" x="-77" y="-66"/>
  <i image="1.swingO3.2_0.png" delay="200" x="-102" y="-60"/>
  <i image="1.swingOF.3_0.png" delay="200" x="-127" y="-48"/>
  <i image="1.stabO1.1_0.png" delay="30" x="-86" y="-36"/>
  <i image="1.stabO1.1_1.png" delay="200" x="-86" y="-36"/>
  <i image="1.stabO2.1_0.png" delay="30" x="-85" y="-35"/>
  <i image="1.stabO2.1_1.png" delay="200" x="-85" y="-35"/>
  <i image="1.stabOF.2_0.png" delay="30" x="-112" y="-36"/>
  <i image="1.stabOF.2_1.png" delay="200" x="-112" y="-36"/>
  <i image="1.proneStab.1_0.png" delay="30" x="-75" y="-19"/>
  <i image="1.proneStab.1_1.png" delay="200" x="-75" y="-19"/>
  <i image="2.swingO1.2_0.png" delay="200" x="-85" y="-68"/>
  <i image="2.swingO2.2_0.png" delay="200" x="-77" y="-66"/>
  <i image="2.swingO3.2_0.png" delay="200" x="-102" y="-60"/>
  <i image="2.swingOF.3_0.png" delay="200" x="-127" y="-48"/>
  <i image="2.stabO1.1_0.png" delay="30" x="-86" y="-36"/>
  <i image="2.stabO1.1_1.png" delay="200" x="-86" y="-36"/>
  <i image="2.stabO2.1_0.png" delay="30" x="-85" y="-35"/>
  <i image="2.stabO2.1_1.png" delay="200" x="-85" y="-35"/>
  <i image="2.stabOF.2_0.png" delay="30" x="-112" y="-36"/>
  <i image="2.stabOF.2_1.png" delay="200" x="-112" y="-36"/>
  <i image="2.proneStab.1_0.png" delay="30" x="-75" y="-19"/>
  <i image="2.proneStab.1_1.png" delay="200" x="-75" y="-19"/>
  <i image="3.swingO1.2_0.png" delay="200" x="-85" y="-68"/>
  <i image="3.swingO2.2_0.png" delay="200" x="-77" y="-66"/>
  <i image="3.swingO3.2_0.png" delay="200" x="-102" y="-60"/>
  <i image="3.swingOF.3_0.png" delay="200" x="-127" y="-48"/>
  <i image="3.stabO1.1_0.png" delay="30" x="-86" y="-36"/>
  <i image="3.stabO1.1_1.png" delay="200" x="-86" y="-36"/>
  <i image="3.stabO2.1_0.png" delay="30" x="-85" y="-35"/>
  <i image="3.stabO2.1_1.png" delay="200" x="-85" y="-35"/>
  <i image="3.stabOF.2_0.png" delay="30" x="-112" y="-36"/>
  <i image="3.stabOF.2_1.png" delay="200" x="-112" y="-36"/>
  <i image="3.proneStab.1_0.png" delay="30" x="-75" y="-19"/>
  <i image="3.proneStab.1_1.png" delay="200" x="-75" y="-19"/>
  <i image="4.swingO1.2_0.png" delay="200" x="-85" y="-68"/>
  <i image="4.swingO2.2_0.png" delay="200" x="-77" y="-66"/>
  <i image="4.swingO3.2_0.png" delay="200" x="-102" y="-60"/>
  <i image="4.swingOF.3_0.png" delay="200" x="-127" y="-48"/>
  <i image="4.stabO1.1_0.png" delay="30" x="-86" y="-36"/>
  <i image="4.stabO1.1_1.png" delay="200" x="-86" y="-36"/>
  <i image="4.stabO2.1_0.png" delay="30" x="-85" y="-35"/>
  <i image="4.stabO2.1_1.png" delay="200" x="-85" y="-35"/>
  <i image="4.stabOF.2_0.png" delay="30" x="-112" y="-36"/>
  <i image="4.stabOF.2_1.png" delay="200" x="-112" y="-36"/>
  <i image="4.proneStab.1_0.png" delay="30" x="-75" y="-19"/>
  <i image="4.proneStab.1_1.png" delay="200" x="-75" y="-19"/>
  <i image="5.swingO1.2_0.png" delay="200" x="-85" y="-68"/>
  <i image="5.swingO2.2_0.png" delay="200" x="-77" y="-66"/>
  <i image="5.swingO3.2_0.png" delay="200" x="-102" y="-60"/>
  <i image="5.swingOF.3_0.png" delay="200" x="-127" y="-48"/>
  <i image="5.stabO1.1_0.png" delay="30" x="-86" y="-36"/>
  <i image="5.stabO1.1_1.png" delay="200" x="-86" y="-36"/>
  <i image="5.stabO2.1_0.png" delay="30" x="-85" y="-35"/>
  <i image="5.stabO2.1_1.png" delay="200" x="-85" y="-35"/>
  <i image="5.stabOF.2_0.png" delay="30" x="-112" y="-36"/>
  <i image="5.stabOF.2_1.png" delay="200" x="-112" y="-36"/>
  <i image="5.proneStab.1_0.png" delay="30" x="-75" y="-19"/>
  <i image="5.proneStab.1_1.png" delay="200" x="-75" y="-19"/>
  <i image="6.swingO1.2_0.png" delay="200" x="-85" y="-68"/>
  <i image="6.swingO2.2_0.png" delay="200" x="-77" y="-66"/>
  <i image="6.swingO3.2_0.png" delay="200" x="-102" y="-60"/>
  <i image="6.swingOF.3_0.png" delay="200" x="-127" y="-48"/>
  <i image="6.stabO1.1_0.png" delay="30" x="-86" y="-36"/>
  <i image="6.stabO1.1_1.png" delay="200" x="-86" y="-36"/>
  <i image="6.stabO2.1_0.png" delay="30" x="-85" y="-35"/>
  <i image="6.stabO2.1_1.png" delay="200" x="-85" y="-35"/>
  <i image="6.stabOF.2_0.png" delay="30" x="-112" y="-36"/>
  <i image="6.stabOF.2_1.png" delay="200" x="-112" y="-36"/>
  <i image="6.proneStab.1_0.png" delay="30" x="-75" y="-19"/>
  <i image="6.proneStab.1_1.png" delay="200" x="-75" y="-19"/>
  <i image="7.swingO1.2_0.png" delay="200" x="-85" y="-68"/>
  <i image="7.swingO2.2_0.png" delay="200" x="-77" y="-66"/>
  <i image="7.swingO3.2_0.png" delay="200" x="-102" y="-60"/>
  <i image="7.swingOF.3_0.png" delay="200" x="-127" y="-48"/>
  <i image="7.stabO1.1_0.png" delay="30" x="-86" y="-36"/>
  <i image="7.stabO1.1_1.png" delay="200" x="-86" y="-36"/>
  <i image="7.stabO2.1_0.png" delay="30" x="-85" y="-35"/>
  <i image="7.stabO2.1_1.png" delay="200" x="-85" y="-35"/>
  <i image="7.stabOF.2_0.png" delay="30" x="-112" y="-36"/>
  <i image="7.stabOF.2_1.png" delay="200" x="-112" y="-36"/>
  <i image="7.proneStab.1_0.png" delay="30" x="-75" y="-19"/>
  <i image="7.proneStab.1_1.png" delay="200" x="-75" y="-19"/>
  <i image="8.swingO1.2_0.png" delay="200" x="-85" y="-68"/>
  <i image="8.swingO2.2_0.png" delay="200" x="-77" y="-66"/>
  <i image="8.swingO3.2_0.png" delay="200" x="-102" y="-60"/>
  <i image="8.swingOF.3_0.png" delay="200" x="-127" y="-48"/>
  <i image="8.stabO1.1_0.png" delay="30" x="-86" y="-36"/>
  <i image="8.stabO1.1_1.png" delay="200" x="-86" y="-36"/>
  <i image="8.stabO2.1_0.png" delay="30" x="-85" y="-35"/>
  <i image="8.stabO2.1_1.png" delay="200" x="-85" y="-35"/>
  <i image="8.stabOF.2_0.png" delay="30" x="-112" y="-36"/>
  <i image="8.stabOF.2_1.png" delay="200" x="-112" y="-36"/>
  <i image="8.proneStab.1_0.png" delay="30" x="-75" y="-19"/>
  <i image="8.proneStab.1_1.png" delay="200" x="-75" y="-19"/>
  <i image="9.swingO1.2_0.png" delay="200" x="-85" y="-68"/>
  <i image="9.swingO2.2_0.png" delay="200" x="-77" y="-66"/>
  <i image="9.swingO3.2_0.png" delay="200" x="-102" y="-60"/>
  <i image="9.swingOF.3_0.png" delay="200" x="-127" y="-48"/>
  <i image="9.stabO1.1_0.png" delay="30" x="-86" y="-36"/>
  <i image="9.stabO1.1_1.png" delay="200" x="-86" y="-36"/>
  <i image="9.stabO2.1_0.png" delay="30" x="-85" y="-35"/>
  <i image="9.stabO2.1_1.png" delay="200" x="-85" y="-35"/>
  <i image="9.stabOF.2_0.png" delay="30" x="-112" y="-36"/>
  <i image="9.stabOF.2_1.png" delay="200" x="-112" y="-36"/>
  <i image="9.proneStab.1_0.png" delay="30" x="-75" y="-19"/>
  <i image="9.proneStab.1_1.png" delay="200" x="-75" y="-19"/>
  <i image="10.swingO1.2_0.png" delay="200" x="-85" y="-72"/>
  <i image="10.swingO2.2_0.png" delay="200" x="-77" y="-63"/>
  <i image="10.swingO3.2_0.png" delay="200" x="-103" y="-57"/>
  <i image="10.swingOF.3_0.png" delay="200" x="-126" y="-43"/>
  <i image="10.stabO1.1_0.png" delay="30" x="-86" y="-42"/>
  <i image="10.stabO1.1_1.png" delay="200" x="-86" y="-42"/>
  <i image="10.stabO2.1_0.png" delay="30" x="-85" y="-41"/>
  <i image="10.stabO2.1_1.png" delay="200" x="-85" y="-41"/>
  <i image="10.stabOF.2_0.png" delay="30" x="-117" y="-45"/>
  <i image="10.stabOF.2_1.png" delay="200" x="-117" y="-45"/>
  <i image="10.proneStab.1_0.png" delay="30" x="-75" y="-24"/>
  <i image="10.proneStab.1_1.png" delay="200" x="-75" y="-24"/>
  <i image="11.swingO1.2_0.png" delay="200" x="-85" y="-72"/>
  <i image="11.swingO2.2_0.png" delay="200" x="-77" y="-63"/>
  <i image="11.swingO3.2_0.png" delay="200" x="-103" y="-57"/>
  <i image="11.swingOF.3_0.png" delay="200" x="-126" y="-43"/>
  <i image="11.stabO1.1_0.png" delay="30" x="-86" y="-42"/>
  <i image="11.stabO1.1_1.png" delay="200" x="-86" y="-42"/>
  <i image="11.stabO2.1_0.png" delay="30" x="-85" y="-41"/>
  <i image="11.stabO2.1_1.png" delay="200" x="-85" y="-41"/>
  <i image="11.stabOF.2_0.png" delay="30" x="-117" y="-45"/>
  <i image="11.stabOF.2_1.png" delay="200" x="-117" y="-45"/>
  <i image="11.proneStab.1_0.png" delay="30" x="-75" y="-24"/>
  <i image="11.proneStab.1_1.png" delay="200" x="-75" y="-24"/>
  <i image="12.swingO1.2_0.png" delay="200" x="-85" y="-72"/>
  <i image="12.swingO2.2_0.png" delay="200" x="-77" y="-63"/>
  <i image="12.swingO3.2_0.png" delay="200" x="-103" y="-57"/>
  <i image="12.swingOF.3_0.png" delay="200" x="-126" y="-43"/>
  <i image="12.stabO1.1_0.png" delay="30" x="-86" y="-42"/>
  <i image="12.stabO1.1_1.png" delay="200" x="-86" y="-42"/>
  <i image="12.stabO2.1_0.png" delay="30" x="-85" y="-41"/>
  <i image="12.stabO2.1_1.png" delay="200" x="-85" y="-41"/>
  <i image="12.stabOF.2_0.png" delay="30" x="-117" y="-45"/>
  <i image="12.stabOF.2_1.png" delay="200" x="-117" y="-45"/>
  <i image="12.proneStab.1_0.png" delay="30" x="-75" y="-24"/>
  <i image="12.proneStab.1_1.png" delay="200" x="-75" y="-24"/>
  <i image="13.swingO1.2_0.png" delay="200" x="-85" y="-72"/>
  <i image="13.swingO2.2_0.png" delay="200" x="-77" y="-63"/>
  <i image="13.swingO3.2_0.png" delay="200" x="-103" y="-57"/>
  <i image="13.swingOF.3_0.png" delay="200" x="-126" y="-43"/>
  <i image="13.stabO1.1_0.png" delay="30" x="-86" y="-42"/>
  <i image="13.stabO1.1_1.png" delay="200" x="-86" y="-42"/>
  <i image="13.stabO2.1_0.png" delay="30" x="-85" y="-41"/>
  <i image="13.stabO2.1_1.png" delay="200" x="-85" y="-41"/>
  <i image="13.stabOF.2_0.png" delay="30" x="-117" y="-45"/>
  <i image="13.stabOF.2_1.png" delay="200" x="-117" y="-45"/>
  <i image="13.proneStab.1_0.png" delay="30" x="-75" y="-24"/>
  <i image="13.proneStab.1_1.png" delay="200" x="-75" y="-24"/>
  <i image="14.swingO1.2_0.png" delay="200" x="-85" y="-72"/>
  <i image="14.swingO2.2_0.png" delay="200" x="-77" y="-63"/>
  <i image="14.swingO3.2_0.png" delay="200" x="-103" y="-57"/>
  <i image="14.swingOF.3_0.png" delay="200" x="-126" y="-43"/>
  <i image="14.stabO1.1_0.png" delay="30" x="-86" y="-42"/>
  <i image="14.stabO1.1_1.png" delay="200" x="-86" y="-42"/>
  <i image="14.stabO2.1_0.png" delay="30" x="-85" y="-41"/>
  <i image="14.stabO2.1_1.png" delay="200" x="-85" y="-41"/>
  <i image="14.stabOF.2_0.png" delay="30" x="-117" y="-45"/>
  <i image="14.stabOF.2_1.png" delay="200" x="-117" y="-45"/>
  <i image="14.proneStab.1_0.png" delay="30" x="-75" y="-24"/>
  <i image="14.proneStab.1_1.png" delay="200" x="-75" y="-24"/>
  <i image="15.swingO1.2_0.png" delay="200" x="-85" y="-72"/>
  <i image="15.swingO2.2_0.png" delay="200" x="-77" y="-63"/>
  <i image="15.swingO3.2_0.png" delay="200" x="-103" y="-57"/>
  <i image="15.swingOF.3_0.png" delay="200" x="-126" y="-43"/>
  <i image="15.stabO1.1_0.png" delay="30" x="-86" y="-42"/>
  <i image="15.stabO1.1_1.png" delay="200" x="-86" y="-42"/>
  <i image="15.stabO2.1_0.png" delay="30" x="-85" y="-41"/>
  <i image="15.stabO2.1_1.png" delay="200" x="-85" y="-41"/>
  <i image="15.stabOF.2_0.png" delay="30" x="-117" y="-45"/>
  <i image="15.stabOF.2_1.png" delay="200" x="-117" y="-45"/>
  <i image="15.proneStab.1_0.png" delay="30" x="-75" y="-24"/>
  <i image="15.proneStab.1_1.png" delay="200" x="-75" y="-24"/>
  <i image="16.swingO1.2_0.png" delay="200" x="-85" y="-72"/>
  <i image="16.swingO2.2_0.png" delay="200" x="-77" y="-63"/>
  <i image="16.swingO3.2_0.png" delay="200" x="-103" y="-57"/>
  <i image="16.swingOF.3_0.png" delay="200" x="-126" y="-43"/>
  <i image="16.stabO1.1_0.png" delay="30" x="-86" y="-42"/>
  <i image="16.stabO1.1_1.png" delay="200" x="-86" y="-42"/>
  <i image="16.stabO2.1_0.png" delay="30" x="-85" y="-41"/>
  <i image="16.stabO2.1_1.png" delay="200" x="-85" y="-41"/>
  <i image="16.stabOF.2_0.png" delay="30" x="-117" y="-45"/>
  <i image="16.stabOF.2_1.png" delay="200" x="-117" y="-45"/>
  <i image="16.proneStab.1_0.png" delay="30" x="-75" y="-24"/>
  <i image="16.proneStab.1_1.png" delay="200" x="-75" y="-24"/>
  <i image="charge.1.swingO1.2_0.png" delay="300" x="-114" y="-76"/>
  <i image="charge.1.swingO2.2_0.png" delay="300" x="-95" y="-58"/>
  <i image="charge.1.swingO3.2_0.png" delay="300" x="-119" y="-54"/>
  <i image="charge.1.swingOF.3_0.png" delay="300" x="-153" y="-46"/>
  <i image="charge.1.stabO1.1_0.png" delay="50" x="-94" y="-46"/>
  <i image="charge.1.stabO1.1_1.png" delay="300" x="-94" y="-46"/>
  <i image="charge.1.stabO2.1_0.png" delay="50" x="-83" y="-46"/>
  <i image="charge.1.stabO2.1_1.png" delay="300" x="-83" y="-46"/>
  <i image="charge.1.stabOF.2_0.png" delay="50" x="-116" y="-52"/>
  <i image="charge.1.stabOF.2_1.png" delay="300" x="-116" y="-52"/>
  <i image="charge.1.proneStab.1_0.png" delay="50" x="-74" y="-26"/>
  <i image="charge.1.proneStab.1_1.png" delay="300" x="-74" y="-26"/>
  <i image="charge.2.swingO1.2_0.png" delay="300" x="-99" y="-76"/>
  <i image="charge.2.swingO2.2_0.png" delay="300" x="-105" y="-57"/>
  <i image="charge.2.swingO3.2_0.png" delay="300" x="-121" y="-56"/>
  <i image="charge.2.swingOF.3_0.png" delay="300" x="-156" y="-48"/>
  <i image="charge.2.stabO1.1_0.png" delay="50" x="-94" y="-39"/>
  <i image="charge.2.stabO1.1_1.png" delay="300" x="-94" y="-39"/>
  <i image="charge.2.stabO2.1_0.png" delay="50" x="-82" y="-39"/>
  <i image="charge.2.stabO2.1_1.png" delay="300" x="-82" y="-39"/>
  <i image="charge.2.stabOF.2_0.png" delay="50" x="-114" y="-43"/>
  <i image="charge.2.stabOF.2_1.png" delay="300" x="-114" y="-43"/>
  <i image="charge.2.proneStab.1_0.png" delay="50" x="-74" y="-19"/>
  <i image="charge.2.proneStab.1_1.png" delay="300" x="-74" y="-19"/>
  <i image="charge.3.swingO1.2_0.png" delay="300" x="-101" y="-72"/>
  <i image="charge.3.swingO2.2_0.png" delay="300" x="-91" y="-58"/>
  <i image="charge.3.swingO3.2_0.png" delay="300" x="-115" y="-53"/>
  <i image="charge.3.swingOF.3_0.png" delay="300" x="-144" y="-54"/>
  <i image="charge.3.stabO1.1_0.png" delay="50" x="-90" y="-42"/>
  <i image="charge.3.stabO1.1_1.png" delay="300" x="-90" y="-42"/>
  <i image="charge.3.stabO2.1_0.png" delay="50" x="-86" y="-41"/>
  <i image="charge.3.stabO2.1_1.png" delay="300" x="-86" y="-41"/>
  <i image="charge.3.stabOF.2_0.png" delay="50" x="-115" y="-44"/>
  <i image="charge.3.stabOF.2_1.png" delay="300" x="-115" y="-44"/>
  <i image="charge.3.proneStab.1_0.png" delay="50" x="-74" y="-21"/>
  <i image="charge.3.proneStab.1_1.png" delay="300" x="-74" y="-21"/>
  <i image="charge.5.swingO1.2_0.png" delay="300" x="-134" y="-81"/>
  <i image="charge.5.swingO2.2_0.png" delay="300" x="-89" y="-68"/>
  <i image="charge.5.swingO3.2_0.png" delay="300" x="-121" y="-61"/>
  <i image="charge.5.swingOF.3_0.png" delay="300" x="-153" y="-59"/>
  <i image="charge.5.stabO1.1_0.png" delay="50" x="-91" y="-48"/>
  <i image="charge.5.stabO2.1_0.png" delay="50" x="-95" y="-43"/>
  <i image="charge.5.stabOF.2_0.png" delay="50" x="-128" y="-61"/>
  <i image="charge.5.proneStab.1_0.png" delay="50" x="-92" y="-33"/>
</i>