<i>
  <i image="mapImage_0.png" delay="100" x="-65" y="-33"/>
  <i image="mapImage_1.png" delay="100" x="-65" y="-33"/>
  <i image="mapImage_2.png" delay="100" x="-65" y="-33"/>
  <i image="mapImage_3.png" delay="100" x="-65" y="-33"/>
  <i image="mapImage_4.png" delay="100" x="-65" y="-33"/>
  <i image="mapImage_5.png" delay="100" x="-65" y="-33"/>
  <i image="mapImage_6.png" delay="100" x="-65" y="-33"/>
  <i image="mapImage_7.png" delay="100" x="-65" y="-33"/>
  <i image="mapImage_8.png" delay="100" x="-65" y="-33"/>
  <i image="mapImage_9.png" delay="100" x="-65" y="-33"/>
  <i image="mapImage_10.png" delay="100" x="-65" y="-33"/>
  <i image="curPos_0.png" delay="100" x="-9" y="-42"/>
  <i image="curPos_1.png" delay="100" x="-9" y="-42"/>
  <i image="curPos_2.png" delay="100" x="-9" y="-42"/>
  <i image="curPos_3.png" delay="100" x="-9" y="-42"/>
  <i image="partyPos_0.png" delay="100" x="-6" y="-23"/>
  <i image="partyPos_1.png" delay="100" x="-6" y="-23"/>
  <i image="partyPos_2.png" delay="100" x="-6" y="-23"/>
  <i image="partyPos_3.png" delay="100" x="-6" y="-23"/>
  <i image="lovePos_0.png" delay="100" x="-7" y="-29"/>
  <i image="lovePos_1.png" delay="100" x="-7" y="-29"/>
  <i image="lovePos_2.png" delay="100" x="-7" y="-29"/>
  <i image="lovePos_3.png" delay="100" x="-7" y="-29"/>
  <i image="npcPos0_0.png" delay="100" x="-13" y="-13"/>
  <i image="npcPos0_1.png" delay="100" x="-13" y="-13"/>
  <i image="npcPos0_2.png" delay="100" x="-13" y="-13"/>
  <i image="npcPos0_3.png" delay="100" x="-13" y="-13"/>
  <i image="npcPos0_4.png" delay="100" x="-13" y="-13"/>
  <i image="npcPos0_5.png" delay="100" x="-13" y="-13"/>
  <i image="npcPos0_6.png" delay="100" x="-13" y="-13"/>
  <i image="npcPos1_0.png" delay="100" x="-10" y="-10"/>
  <i image="npcPos1_1.png" delay="100" x="-10" y="-10"/>
  <i image="npcPos1_2.png" delay="100" x="-10" y="-10"/>
  <i image="npcPos1_3.png" delay="100" x="-10" y="-10"/>
  <i image="npcPos1_4.png" delay="100" x="-10" y="-10"/>
  <i image="npcPos1_5.png" delay="100" x="-10" y="-10"/>
  <i image="npcPos1_6.png" delay="100" x="-10" y="-10"/>
  <i image="npcPos2_0.png" delay="100" x="-13" y="-13"/>
  <i image="npcPos2_1.png" delay="100" x="-13" y="-13"/>
  <i image="npcPos2_2.png" delay="100" x="-13" y="-13"/>
  <i image="npcPos2_3.png" delay="100" x="-13" y="-13"/>
  <i image="npcPos2_4.png" delay="100" x="-13" y="-13"/>
  <i image="npcPos2_5.png" delay="100" x="-13" y="-13"/>
  <i image="npcPos2_6.png" delay="100" x="-13" y="-13"/>
  <i image="npcPos3_0.png" delay="100" x="-10" y="-10"/>
  <i image="npcPos3_1.png" delay="100" x="-10" y="-10"/>
  <i image="npcPos3_2.png" delay="100" x="-10" y="-10"/>
  <i image="npcPos3_3.png" delay="100" x="-10" y="-10"/>
  <i image="npcPos3_4.png" delay="100" x="-10" y="-10"/>
  <i image="npcPos3_5.png" delay="100" x="-10" y="-10"/>
  <i image="npcPos3_6.png" delay="100" x="-10" y="-10"/>
  <i image="npcPos4_0.png" delay="100" x="0" y="-33"/>
  <i image="npcPos4_1.png" delay="100" x="0" y="-33"/>
  <i image="npcPos4_2.png" delay="100" x="0" y="-33"/>
  <i image="npcPos4_3.png" delay="100" x="0" y="-33"/>
  <i image="npcPos5_0.png" delay="100" x="-65" y="-33"/>
  <i image="npcPos5_1.png" delay="100" x="-65" y="-33"/>
  <i image="npcPos5_2.png" delay="100" x="-65" y="-33"/>
  <i image="npcPos5_3.png" delay="100" x="-65" y="-33"/>
  <i image="npcPos6_0.png" delay="100" x="-65" y="0"/>
  <i image="npcPos6_1.png" delay="100" x="-65" y="0"/>
  <i image="npcPos6_2.png" delay="100" x="-65" y="0"/>
  <i image="npcPos6_3.png" delay="100" x="-65" y="0"/>
  <i image="npcPos7_0.png" delay="100" x="0" y="0"/>
  <i image="npcPos7_1.png" delay="100" x="0" y="0"/>
  <i image="npcPos7_2.png" delay="100" x="0" y="0"/>
  <i image="npcPos7_3.png" delay="100" x="0" y="0"/>
  <i image="GoalPos_0.png" delay="100" x="-11" y="-30"/>
  <i image="phantomPos_0.png" delay="100" x="-32" y="-58"/>
  <i image="phantomPos_1.png" delay="100" x="-32" y="-58"/>
  <i image="phantomPos_2.png" delay="100" x="-32" y="-58"/>
  <i image="phantomPos_3.png" delay="100" x="-32" y="-58"/>
  <i image="phantomPos_4.png" delay="100" x="-32" y="-58"/>
  <i image="phantomPos_5.png" delay="100" x="-32" y="-58"/>
</i>