<i>
  <i image="LevelUp_0.png" delay="100" x="-148" y="-345"/>
  <i image="LevelUp_1.png" delay="100" x="-148" y="-345"/>
  <i image="LevelUp_2.png" delay="100" x="-148" y="-345"/>
  <i image="LevelUp_3.png" delay="100" x="-148" y="-345"/>
  <i image="LevelUp_4.png" delay="100" x="-148" y="-345"/>
  <i image="LevelUp_5.png" delay="100" x="-148" y="-345"/>
  <i image="LevelUp_6.png" delay="100" x="-148" y="-345"/>
  <i image="LevelUp_7.png" delay="100" x="-148" y="-345"/>
  <i image="LevelUp_8.png" delay="100" x="-148" y="-345"/>
  <i image="LevelUp_9.png" delay="100" x="-148" y="-345"/>
  <i image="LevelUp_10.png" delay="100" x="-148" y="-345"/>
  <i image="LevelUp_11.png" delay="100" x="-148" y="-345"/>
  <i image="LevelUp_12.png" delay="100" x="-148" y="-345"/>
  <i image="LevelUp_13.png" delay="100" x="-148" y="-345"/>
  <i image="LevelUp_14.png" delay="100" x="-148" y="-345"/>
  <i image="LevelUp_15.png" delay="100" x="-148" y="-345"/>
  <i image="LevelUp_16.png" delay="100" x="-148" y="-345"/>
  <i image="LevelUp_17.png" delay="100" x="-148" y="-345"/>
  <i image="LevelUp_18.png" delay="100" x="-148" y="-345"/>
  <i image="LevelUp_19.png" delay="100" x="-148" y="-345"/>
  <i image="LevelUp_20.png" delay="100" x="-148" y="-345"/>
</i>